role	file	model	job_id	created_utc	url
reference	references/R1_sprinter_sheet.png	nano_banana_pro (Nano Banana Pro; backend nano_banana_2), 9:16, 2k	9d09ba28-3245-4050-809c-b04ce8a85e0a	2026-09-30 19:44:15	https://d8j0ntlcm91z4.cloudfront.net/user_38yEef9WJwcxPX1OrTnJynSTZhY/hf_20260930_194415_9d09ba28-3245-4050-809c-b04ce8a85e0a.png
reference	references/R2_stadium.png	nano_banana_pro (Nano Banana Pro; backend nano_banana_2), 9:16, 2k	8f5555d7-cdc4-4a6d-bc71-25c1d751abf6	2026-09-30 19:41:15	https://d8j0ntlcm91z4.cloudfront.net/user_38yEef9WJwcxPX1OrTnJynSTZhY/hf_20260930_194115_8f5555d7-cdc4-4a6d-bc71-25c1d751abf6.png
keyframe 01	keyframes/K01.png	nano_banana_pro, 9:16, refs R1+R2	305ebc48-6f9e-4e27-b575-e9e6539ecc9e	2026-10-01 07:11:17	https://d8j0ntlcm91z4.cloudfront.net/user_38yEef9WJwcxPX1OrTnJynSTZhY/hf_20261001_071117_305ebc48-6f9e-4e27-b575-e9e6539ecc9e.png
keyframe 02	keyframes/K02.png	nano_banana_pro, 9:16, ref R1	d99c3041-99fa-4578-9804-11062506d39b	2026-10-01 07:11:17	https://d8j0ntlcm91z4.cloudfront.net/user_38yEef9WJwcxPX1OrTnJynSTZhY/hf_20261001_071117_d99c3041-99fa-4578-9804-11062506d39b.png
keyframe 03	keyframes/K03.png	nano_banana_pro, 9:16, refs R1+R2	5f2f988f-229f-472c-9dd9-41edd2d77629	2026-10-01 07:11:17	https://d8j0ntlcm91z4.cloudfront.net/user_38yEef9WJwcxPX1OrTnJynSTZhY/hf_20261001_071117_5f2f988f-229f-472c-9dd9-41edd2d77629.png
keyframe 04	keyframes/K04.png	nano_banana_pro, 9:16, ref R1	ce7555f4-f626-4675-9572-8866251ca427	2026-10-01 07:11:18	https://d8j0ntlcm91z4.cloudfront.net/user_38yEef9WJwcxPX1OrTnJynSTZhY/hf_20261001_071118_ce7555f4-f626-4675-9572-8866251ca427.png
keyframe 05	keyframes/K05.png	nano_banana_pro, 9:16, refs R1+R2	5b37ed9f-2c58-498c-90a2-1c3d2f49bc36	2026-10-01 07:11:17	https://d8j0ntlcm91z4.cloudfront.net/user_38yEef9WJwcxPX1OrTnJynSTZhY/hf_20261001_071117_5b37ed9f-2c58-498c-90a2-1c3d2f49bc36.png
keyframe 06	keyframes/K06.png	nano_banana_pro, 9:16, refs R1+R2	afea7b12-20a0-4556-ab99-187e81c3c247	2026-10-01 08:06:27	https://d8j0ntlcm91z4.cloudfront.net/user_38yEef9WJwcxPX1OrTnJynSTZhY/hf_20261001_080627_afea7b12-20a0-4556-ab99-187e81c3c247.png
keyframe 07	keyframes/K07.png	nano_banana_pro, 9:16, refs R1+R2	6fb0dbc5-c347-4407-9fbf-90976fc117b8	2026-10-01 07:11:17	https://d8j0ntlcm91z4.cloudfront.net/user_38yEef9WJwcxPX1OrTnJynSTZhY/hf_20261001_071117_6fb0dbc5-c347-4407-9fbf-90976fc117b8.png
keyframe 08	keyframes/K08.png	nano_banana_pro, 9:16, refs R1+R2	f0d7960a-a7b7-45df-a136-c70117cae53b	2026-10-01 07:11:17	https://d8j0ntlcm91z4.cloudfront.net/user_38yEef9WJwcxPX1OrTnJynSTZhY/hf_20261001_071117_f0d7960a-a7b7-45df-a136-c70117cae53b.png
keyframe 09	keyframes/K09.png	nano_banana_pro, 9:16, refs R1+R2	59cb9475-565f-4d1f-afd2-b9d4ca1b7e92	2026-10-01 09:46:51	https://d8j0ntlcm91z4.cloudfront.net/user_38yEef9WJwcxPX1OrTnJynSTZhY/hf_20261001_094651_59cb9475-565f-4d1f-afd2-b9d4ca1b7e92.png
keyframe 10	keyframes/K10.png	nano_banana_pro, 9:16, refs R1+R2	8850af7a-8797-4a5f-ae33-9d0975bb9f0a	2026-10-01 07:43:24	https://d8j0ntlcm91z4.cloudfront.net/user_38yEef9WJwcxPX1OrTnJynSTZhY/hf_20261001_074324_8850af7a-8797-4a5f-ae33-9d0975bb9f0a.png
keyframe 10b (end frame)	keyframes/K10b_end.png	nano_banana_pro, 9:16, refs K10 + R1	7eb02992-6701-4197-a9e0-7a691a60f804	2026-10-01 08:00:36	https://d8j0ntlcm91z4.cloudfront.net/user_38yEef9WJwcxPX1OrTnJynSTZhY/hf_20261001_080036_7eb02992-6701-4197-a9e0-7a691a60f804.png
keyframe 11	keyframes/K11.png	nano_banana_pro, 9:16, refs R1+R2	956640a8-e516-4c7b-995d-7382e591832a	2026-10-01 07:11:17	https://d8j0ntlcm91z4.cloudfront.net/user_38yEef9WJwcxPX1OrTnJynSTZhY/hf_20261001_071117_956640a8-e516-4c7b-995d-7382e591832a.png
clip 01	clips/C01.mp4	kling3_0 (Kling 3.0), mode pro, sound off, 5 s, 9:16, start_image K01	5c62c419-120c-42bf-a564-3f472dd2e853	2026-10-01 07:25:11	https://d8j0ntlcm91z4.cloudfront.net/user_38yEef9WJwcxPX1OrTnJynSTZhY/hf_20261001_072511_5c62c419-120c-42bf-a564-3f472dd2e853.mp4
clip 02	clips/C02.mp4	kling3_0, pro, sound off, 5 s, 9:16, start_image K02	79283f0c-6286-4d2f-abb3-05402cabc78f	2026-10-01 07:25:11	https://d8j0ntlcm91z4.cloudfront.net/user_38yEef9WJwcxPX1OrTnJynSTZhY/hf_20261001_072511_79283f0c-6286-4d2f-abb3-05402cabc78f.mp4
clip 03	clips/C03.mp4	kling3_0, pro, sound off, 5 s, 9:16, start_image K03	fe6a220d-8a9c-4c4f-9584-84e6267c8ab0	2026-10-01 07:25:11	https://d8j0ntlcm91z4.cloudfront.net/user_38yEef9WJwcxPX1OrTnJynSTZhY/hf_20261001_072511_fe6a220d-8a9c-4c4f-9584-84e6267c8ab0.mp4
clip 04	clips/C04.mp4	kling3_0, pro, sound off, 5 s, 9:16, start_image K04	9a2ad638-3ff1-49ee-8b94-5a61df8af7a1	2026-10-01 07:25:11	https://d8j0ntlcm91z4.cloudfront.net/user_38yEef9WJwcxPX1OrTnJynSTZhY/hf_20261001_072511_9a2ad638-3ff1-49ee-8b94-5a61df8af7a1.mp4
clip 05	clips/C05.mp4	kling3_0, pro, sound off, 5 s, 9:16, start_image K05	cd3c095d-b1ba-40c8-8a6f-3fcb3928d751	2026-10-01 07:25:11	https://d8j0ntlcm91z4.cloudfront.net/user_38yEef9WJwcxPX1OrTnJynSTZhY/hf_20261001_072511_cd3c095d-b1ba-40c8-8a6f-3fcb3928d751.mp4
clip 06	clips/C06.mp4	kling3_0, pro, sound off, 5 s, 9:16, start_image K06	cc2bcbb0-2cf5-49a9-a219-f8fec4e9973b	2026-10-01 08:08:25	https://d8j0ntlcm91z4.cloudfront.net/user_38yEef9WJwcxPX1OrTnJynSTZhY/hf_20261001_080825_cc2bcbb0-2cf5-49a9-a219-f8fec4e9973b.mp4
clip 07	clips/C07.mp4	kling3_0, pro, sound off, 5 s, 9:16, start_image K07	d67adc97-fb29-42de-bd13-35643edbb0e7	2026-10-01 08:04:44	https://d8j0ntlcm91z4.cloudfront.net/user_38yEef9WJwcxPX1OrTnJynSTZhY/hf_20261001_080444_d67adc97-fb29-42de-bd13-35643edbb0e7.mp4
clip 08	clips/C08.mp4	kling3_0, pro, sound off, 5 s, 9:16, start_image K08	aecc3241-926e-48fd-a53a-fe25fd2038fb	2026-10-01 07:25:12	https://d8j0ntlcm91z4.cloudfront.net/user_38yEef9WJwcxPX1OrTnJynSTZhY/hf_20261001_072512_aecc3241-926e-48fd-a53a-fe25fd2038fb.mp4
clip 09	clips/C09.mp4	kling3_0, pro, sound off, 5 s, 9:16, start_image K09	ad77f7ba-c1f4-4ddf-a6ef-e3425431343d	2026-10-01 09:47:51	https://d8j0ntlcm91z4.cloudfront.net/user_38yEef9WJwcxPX1OrTnJynSTZhY/hf_20261001_094751_ad77f7ba-c1f4-4ddf-a6ef-e3425431343d.mp4
clip 10	clips/C10.mp4	kling3_0, pro, sound off, 5 s, 9:16, start_image K10 + end_image K10b; film uses clip frames 16–120	e8032737-25d2-4dc1-8d68-ea3015bd984e	2026-10-01 08:01:41	https://d8j0ntlcm91z4.cloudfront.net/user_38yEef9WJwcxPX1OrTnJynSTZhY/hf_20261001_080141_e8032737-25d2-4dc1-8d68-ea3015bd984e.mp4
clip 11	clips/C11.mp4	kling3_0, pro, sound off, 5 s, 9:16, start_image K11	abe95f03-2788-469c-bfa8-d7d2e2895e47	2026-10-01 07:25:13	https://d8j0ntlcm91z4.cloudfront.net/user_38yEef9WJwcxPX1OrTnJynSTZhY/hf_20261001_072513_abe95f03-2788-469c-bfa8-d7d2e2895e47.mp4
